model,sim_time,arrival_mean,service_mean,num_nurses,seed,total_arrived,total_served,average_wait,average_system_time,utilization,max_queue_length,average_wait_red,average_wait_yellow,average_wait_green,scenario_group,scenario_name
fifo,1000,5,4,1,1000,185,182,10.854993002252236,15.086132033657448,0.7700673037157489,11,,,,nurse_count_comparison,fifo_nurses_1_fixed_load
fifo,1000,5,4,1,1001,221,215,16.615826394344094,20.717311937275465,0.8818193917302446,13,,,,nurse_count_comparison,fifo_nurses_1_fixed_load
fifo,1000,5,4,1,1002,198,197,27.66989364995451,31.619491685668855,0.7780708130357261,23,,,,nurse_count_comparison,fifo_nurses_1_fixed_load
fifo,1000,5,4,1,1003,187,187,13.794451582002946,17.507967997909084,0.6944275697744472,12,,,,nurse_count_comparison,fifo_nurses_1_fixed_load
fifo,1000,5,4,1,1004,176,172,10.257647425532436,15.004724646173013,0.8164972819501789,9,,,,nurse_count_comparison,fifo_nurses_1_fixed_load
fifo,1000,5,4,1,1005,181,180,12.182357806950202,16.20038104694272,0.7232441831986537,11,,,,nurse_count_comparison,fifo_nurses_1_fixed_load
fifo,1000,5,4,1,1006,200,196,19.4626538110083,23.877844527235204,0.8653773803804737,16,,,,nurse_count_comparison,fifo_nurses_1_fixed_load
fifo,1000,5,4,1,1007,193,190,12.467804150557653,16.343693502046126,0.7364189767828097,11,,,,nurse_count_comparison,fifo_nurses_1_fixed_load
fifo,1000,5,4,1,1008,206,206,7.1869622815535505,10.894919794923078,0.7638392477541223,8,,,,nurse_count_comparison,fifo_nurses_1_fixed_load
fifo,1000,5,4,1,1009,214,214,16.58864206525193,20.334692740456266,0.8016548444937284,13,,,,nurse_count_comparison,fifo_nurses_1_fixed_load
fifo,1000,5,4,1,1010,200,199,9.924865581369561,13.781194123112623,0.76740937980687,9,,,,nurse_count_comparison,fifo_nurses_1_fixed_load
fifo,1000,5,4,1,1011,220,219,13.124818748971176,16.874148002404695,0.8211031065019405,11,,,,nurse_count_comparison,fifo_nurses_1_fixed_load
fifo,1000,5,4,1,1012,220,219,9.054247315776662,12.941336753563517,0.8512725868753214,13,,,,nurse_count_comparison,fifo_nurses_1_fixed_load
fifo,1000,5,4,1,1013,203,203,9.509321131102503,13.362207269750183,0.7821358861454791,9,,,,nurse_count_comparison,fifo_nurses_1_fixed_load
fifo,1000,5,4,1,1014,200,199,5.771607894456669,9.191527328386004,0.6805639673519376,10,,,,nurse_count_comparison,fifo_nurses_1_fixed_load
fifo,1000,5,4,1,1015,200,198,17.42515724332529,21.623770736906735,0.8313254717291253,14,,,,nurse_count_comparison,fifo_nurses_1_fixed_load
fifo,1000,5,4,1,1016,215,211,7.2318079909646045,10.98750217442743,0.7924514727106561,7,,,,nurse_count_comparison,fifo_nurses_1_fixed_load
fifo,1000,5,4,1,1017,175,175,7.232043288745776,11.27510953154721,0.7075365924902509,8,,,,nurse_count_comparison,fifo_nurses_1_fixed_load
fifo,1000,5,4,1,1018,191,187,11.884212634336944,16.22268184838743,0.8112937430274411,10,,,,nurse_count_comparison,fifo_nurses_1_fixed_load
fifo,1000,5,4,1,1019,196,196,9.246176421171395,13.180607946297073,0.7711485789246333,9,,,,nurse_count_comparison,fifo_nurses_1_fixed_load
fifo,1000,5,4,2,2000,219,219,1.1785128328391956,5.624582768615532,0.4868446579675088,6,,,,nurse_count_comparison,fifo_nurses_2_fixed_load
fifo,1000,5,4,2,2001,181,181,0.5803165986304959,4.710327936735159,0.37376602609847215,5,,,,nurse_count_comparison,fifo_nurses_2_fixed_load
fifo,1000,5,4,2,2002,181,181,1.2182616793763208,5.1455299643531145,0.35541777979040007,8,,,,nurse_count_comparison,fifo_nurses_2_fixed_load
fifo,1000,5,4,2,2003,216,216,0.5228477781583812,4.437090480071849,0.4227382118066544,4,,,,nurse_count_comparison,fifo_nurses_2_fixed_load
fifo,1000,5,4,2,2004,195,194,0.8952190873045436,4.97760373635966,0.3959913109583461,6,,,,nurse_count_comparison,fifo_nurses_2_fixed_load
fifo,1000,5,4,2,2005,206,206,1.3224454002021737,5.151675303146444,0.3944106800032598,8,,,,nurse_count_comparison,fifo_nurses_2_fixed_load
fifo,1000,5,4,2,2006,204,204,0.6261324089174147,4.494614918836778,0.39458521601177504,3,,,,nurse_count_comparison,fifo_nurses_2_fixed_load
fifo,1000,5,4,2,2007,211,208,1.2105005479967657,5.215793417151932,0.41655045839213745,6,,,,nurse_count_comparison,fifo_nurses_2_fixed_load
fifo,1000,5,4,2,2008,197,197,0.6347627734186349,4.34134108141699,0.3650979633378381,4,,,,nurse_count_comparison,fifo_nurses_2_fixed_load
fifo,1000,5,4,2,2009,194,192,0.2759139863449129,3.9682325310243844,0.35446258028922933,2,,,,nurse_count_comparison,fifo_nurses_2_fixed_load
fifo,1000,5,4,2,2010,216,216,1.5624213670400289,5.550255909321435,0.4306861305663919,9,,,,nurse_count_comparison,fifo_nurses_2_fixed_load
fifo,1000,5,4,2,2011,183,182,0.5590509503464182,4.212897772082705,0.33250006077800226,3,,,,nurse_count_comparison,fifo_nurses_2_fixed_load
fifo,1000,5,4,2,2012,210,210,1.0008768301293955,5.22044994654152,0.44305517722327287,5,,,,nurse_count_comparison,fifo_nurses_2_fixed_load
fifo,1000,5,4,2,2013,165,163,0.5844144715025402,5.0078762131645576,0.3605121319454547,3,,,,nurse_count_comparison,fifo_nurses_2_fixed_load
fifo,1000,5,4,2,2014,198,198,0.43755874671218026,4.472577159578849,0.39946682287380025,4,,,,nurse_count_comparison,fifo_nurses_2_fixed_load
fifo,1000,5,4,2,2015,198,197,0.7251626235816677,4.75636093587681,0.3970730337610715,4,,,,nurse_count_comparison,fifo_nurses_2_fixed_load
fifo,1000,5,4,2,2016,210,209,0.765695554076673,4.763286251077461,0.41774822783658233,6,,,,nurse_count_comparison,fifo_nurses_2_fixed_load
fifo,1000,5,4,2,2017,192,191,0.32914587184584626,4.0025337110017745,0.35080853863939127,3,,,,nurse_count_comparison,fifo_nurses_2_fixed_load
fifo,1000,5,4,2,2018,166,165,0.2387700421256864,4.069861096609442,0.3160650119949097,2,,,,nurse_count_comparison,fifo_nurses_2_fixed_load
fifo,1000,5,4,2,2019,198,197,0.6373294141211653,4.904088688908091,0.42027578856651215,4,,,,nurse_count_comparison,fifo_nurses_2_fixed_load
fifo,1000,5,4,3,3000,174,173,0.0293675230550932,4.358635533252968,0.2496544552547441,1,,,,nurse_count_comparison,fifo_nurses_3_fixed_load
fifo,1000,5,4,3,3001,204,203,0.11192661473839802,4.290580598940043,0.2827555862643112,2,,,,nurse_count_comparison,fifo_nurses_3_fixed_load
fifo,1000,5,4,3,3002,232,231,0.17523173303236272,4.134876987140097,0.3048926845662954,3,,,,nurse_count_comparison,fifo_nurses_3_fixed_load
fifo,1000,5,4,3,3003,203,202,0.03856107330184603,3.93749012914454,0.26252788976007485,3,,,,nurse_count_comparison,fifo_nurses_3_fixed_load
fifo,1000,5,4,3,3004,217,217,0.09972661311581162,4.56080317490517,0.32268453796943025,2,,,,nurse_count_comparison,fifo_nurses_3_fixed_load
fifo,1000,5,4,3,3005,183,183,0.016427849160110385,4.060903161079567,0.24671299402708682,1,,,,nurse_count_comparison,fifo_nurses_3_fixed_load
fifo,1000,5,4,3,3006,215,214,0.04806059574823564,4.323273426332094,0.30496518191498195,2,,,,nurse_count_comparison,fifo_nurses_3_fixed_load
fifo,1000,5,4,3,3007,222,222,0.13672971798628056,4.254322662070975,0.30470187786226743,3,,,,nurse_count_comparison,fifo_nurses_3_fixed_load
fifo,1000,5,4,3,3008,208,207,0.01667244224280874,3.6160418331219746,0.2483564879706624,2,,,,nurse_count_comparison,fifo_nurses_3_fixed_load
fifo,1000,5,4,3,3009,197,197,0.2579682838643942,4.36863868511369,0.2699340230153704,5,,,,nurse_count_comparison,fifo_nurses_3_fixed_load
fifo,1000,5,4,3,3010,207,206,0.1615724063515548,4.378806568085241,0.28958341243904645,3,,,,nurse_count_comparison,fifo_nurses_3_fixed_load
fifo,1000,5,4,3,3011,187,185,0.04281690158081064,4.00525686065808,0.24435046414309852,2,,,,nurse_count_comparison,fifo_nurses_3_fixed_load
fifo,1000,5,4,3,3012,192,191,0.1148874778852716,4.106031767831898,0.2541028531266018,3,,,,nurse_count_comparison,fifo_nurses_3_fixed_load
fifo,1000,5,4,3,3013,199,198,0.03387960877701777,4.134578608015895,0.2706461339497658,2,,,,nurse_count_comparison,fifo_nurses_3_fixed_load
fifo,1000,5,4,3,3014,221,221,0.1783595491452084,4.050949488980597,0.2852807922345402,3,,,,nurse_count_comparison,fifo_nurses_3_fixed_load
fifo,1000,5,4,3,3015,193,190,0.02962912240561584,3.7501619146164207,0.23563374350668417,2,,,,nurse_count_comparison,fifo_nurses_3_fixed_load
fifo,1000,5,4,3,3016,189,187,0.044234948057613126,3.9149758481139556,0.2412761827701786,3,,,,nurse_count_comparison,fifo_nurses_3_fixed_load
fifo,1000,5,4,3,3017,191,190,0.03495797647132182,3.9709028302970064,0.24927650740896,2,,,,nurse_count_comparison,fifo_nurses_3_fixed_load
fifo,1000,5,4,3,3018,230,230,0.22015109475499653,4.338979756201035,0.3157768640441963,3,,,,nurse_count_comparison,fifo_nurses_3_fixed_load
fifo,1000,5,4,3,3019,190,189,0.09902476698556244,4.063588554030893,0.2497675185838558,2,,,,nurse_count_comparison,fifo_nurses_3_fixed_load
priority,1000,5,4,1,4000,198,191,7.225538315152718,10.92099491342531,0.7058322102700656,9,5.05699716628921,4.115340472009324,9.189069151356499,nurse_count_comparison,priority_nurses_1_fixed_load
priority,1000,5,4,1,4001,181,174,3.1258713975852563,6.64560320303002,0.6124333341473895,7,1.7765085963156497,2.569508037160442,3.816323564321522,nurse_count_comparison,priority_nurses_1_fixed_load
priority,1000,5,4,1,4002,218,209,9.736656908508989,13.554844685012789,0.798001245289294,10,2.6197823841011667,4.070081761582305,14.426200316855072,nurse_count_comparison,priority_nurses_1_fixed_load
priority,1000,5,4,1,4003,190,178,12.262037854402486,16.584801941820004,0.7694520075603183,11,3.6598783033217295,5.739981895333278,17.133198293223906,nurse_count_comparison,priority_nurses_1_fixed_load
priority,1000,5,4,1,4004,182,181,11.792996932908316,15.855741476530367,0.7353567623955917,11,2.8424242832237456,4.196146751506693,17.153525337273237,nurse_count_comparison,priority_nurses_1_fixed_load
priority,1000,5,4,1,4005,191,189,8.469580534495387,12.142551231287742,0.6941914616937558,10,2.868870726193825,3.2106208047995852,11.69179360551672,nurse_count_comparison,priority_nurses_1_fixed_load
priority,1000,5,4,1,4006,199,195,13.22285653909093,17.23338097386972,0.7820522647818645,13,4.449956267838759,6.374321252547482,17.604673306651822,nurse_count_comparison,priority_nurses_1_fixed_load
priority,1000,5,4,1,4007,205,198,12.593498204624002,16.531638776073915,0.7797518331470832,14,2.870685654050343,4.437713750865271,17.834078888079432,nurse_count_comparison,priority_nurses_1_fixed_load
priority,1000,5,4,1,4008,190,189,7.443751099850809,11.058856897109708,0.6832549956819319,9,2.069168351550074,4.795724167345226,9.35262865994583,nurse_count_comparison,priority_nurses_1_fixed_load
priority,1000,5,4,1,4009,206,205,24.78022006418309,28.681585823174608,0.7997799805932612,19,3.888578396357996,6.64945429245118,37.40610473725831,nurse_count_comparison,priority_nurses_1_fixed_load
priority,1000,5,4,1,4010,204,203,25.095378561105512,29.27581921690608,0.8486294531275153,18,2.998689302575911,6.30084872103275,39.67219796746955,nurse_count_comparison,priority_nurses_1_fixed_load
priority,1000,5,4,1,4011,197,197,6.2611822271802735,10.013156522234045,0.7391389361255928,6,2.467590205518638,4.268432487739455,8.127273817013556,nurse_count_comparison,priority_nurses_1_fixed_load
priority,1000,5,4,1,4012,190,186,10.589229978423221,14.552333828763174,0.7371373161632313,11,2.7761673709326793,4.299477198608257,15.475087330534127,nurse_count_comparison,priority_nurses_1_fixed_load
priority,1000,5,4,1,4013,195,193,7.651472067803084,11.401487182240041,0.7237529170863329,8,4.026385957664926,3.418024557737272,10.356715432255795,nurse_count_comparison,priority_nurses_1_fixed_load
priority,1000,5,4,1,4014,206,196,16.465664987403688,20.488537553793126,0.7884830230123299,13,2.7219545976382014,4.307296554652044,23.76827808693096,nurse_count_comparison,priority_nurses_1_fixed_load
priority,1000,5,4,1,4015,198,192,6.808187794145527,10.761563067760727,0.7590480525341186,8,2.900858961130838,3.5048676966740415,9.545219410930017,nurse_count_comparison,priority_nurses_1_fixed_load
priority,1000,5,4,1,4016,212,211,7.125872477979793,10.784189118533485,0.7719048111568294,10,3.800301452705862,6.172150171270945,7.948303369294276,nurse_count_comparison,priority_nurses_1_fixed_load
priority,1000,5,4,1,4017,225,222,13.018762011141273,16.76433444976255,0.8315170813739236,12,2.296628647513914,5.35992356201632,19.017157823285856,nurse_count_comparison,priority_nurses_1_fixed_load
priority,1000,5,4,1,4018,184,184,5.826852163544215,9.194235907122474,0.6195986088184001,9,1.533863526981051,3.7941571898612168,7.456483741323309,nurse_count_comparison,priority_nurses_1_fixed_load
priority,1000,5,4,1,4019,208,199,18.552049972690664,22.839660576951168,0.8532345102478401,14,2.728542386125907,5.651250285387807,29.279994320155776,nurse_count_comparison,priority_nurses_1_fixed_load
priority,1000,5,4,2,5000,182,181,0.2698895372731695,3.95081638863553,0.33312388004829335,4,0.028469069987446954,0.34619240414997254,0.2691276528187736,nurse_count_comparison,priority_nurses_2_fixed_load
priority,1000,5,4,2,5001,205,204,0.5362872327179842,4.492694166778644,0.4035535072741873,4,0.3845456573356415,0.4721000228357667,0.5837861181727763,nurse_count_comparison,priority_nurses_2_fixed_load
priority,1000,5,4,2,5002,223,221,0.464032007829579,4.163573826909547,0.4087993710083364,4,0.11735438036207396,0.292373024370157,0.5910004133677459,nurse_count_comparison,priority_nurses_2_fixed_load
priority,1000,5,4,2,5003,192,192,0.3990476937630949,4.235711985488781,0.36831977200566574,3,0.08312648262566995,0.25339652198222495,0.5285756953950156,nurse_count_comparison,priority_nurses_2_fixed_load
priority,1000,5,4,2,5004,205,203,1.1552027095078652,5.186940411338291,0.4092213767357883,5,0.18232147293106268,0.9687668369824487,1.4199543928767724,nurse_count_comparison,priority_nurses_2_fixed_load
priority,1000,5,4,2,5005,193,192,0.3720549644404987,4.064978510077456,0.354520660381148,3,0.3035450438220058,0.23129536666202766,0.43084996370869505,nurse_count_comparison,priority_nurses_2_fixed_load
priority,1000,5,4,2,5006,185,184,0.5163744768050598,4.653721204080736,0.38063589890936234,3,0.1797702400316899,0.39258756933080513,0.6623494989401544,nurse_count_comparison,priority_nurses_2_fixed_load
priority,1000,5,4,2,5007,215,213,1.9127742811231547,6.301115913415917,0.46735838383917916,10,0.5041495177173957,1.0363608034697478,2.5199720550127758,nurse_count_comparison,priority_nurses_2_fixed_load
priority,1000,5,4,2,5008,201,201,0.6639624395385837,4.4138918846815365,0.3768679092368667,4,0.280367592859875,0.555499583385395,0.7531579926223806,nurse_count_comparison,priority_nurses_2_fixed_load
priority,1000,5,4,2,5009,214,213,0.9677371769932737,5.020189234324985,0.4315861441058273,4,0.7645478620529935,0.7175154533100252,1.131924038575451,nurse_count_comparison,priority_nurses_2_fixed_load
priority,1000,5,4,2,5010,227,226,0.6590981721048944,3.871291290569874,0.36297782238654275,4,0.2690734316562532,0.47069229736161194,0.8398411294128972,nurse_count_comparison,priority_nurses_2_fixed_load
priority,1000,5,4,2,5011,202,202,0.8783415033907691,5.341909697486879,0.45082038760370724,5,0.46263997903678844,0.3788148642000631,1.2269163925743205,nurse_count_comparison,priority_nurses_2_fixed_load
priority,1000,5,4,2,5012,187,184,0.6538959987322694,4.7235390674979945,0.3744071623264469,5,0.22937892643627222,0.23498852678646512,0.9119071973446325,nurse_count_comparison,priority_nurses_2_fixed_load
priority,1000,5,4,2,5013,206,206,0.8723200432245777,4.9315736651400774,0.4181031230572964,4,1.0364012585984597,0.7845630945168202,0.8844103600401849,nurse_count_comparison,priority_nurses_2_fixed_load
priority,1000,5,4,2,5014,198,197,0.5054880322731898,4.512308700103576,0.39467183578129306,3,0.5909473411671345,0.27937725332333746,0.5934338781861571,nurse_count_comparison,priority_nurses_2_fixed_load
priority,1000,5,4,2,5015,207,207,0.5474789069966935,4.771407446101401,0.4371766037973373,3,0.5398992655736538,0.4127568518597826,0.6260463968602723,nurse_count_comparison,priority_nurses_2_fixed_load
priority,1000,5,4,2,5016,184,184,0.6454221342159273,4.611785280702734,0.36490540947678607,3,0.36942285825013615,0.24872977088553766,0.9094608568001575,nurse_count_comparison,priority_nurses_2_fixed_load
priority,1000,5,4,2,5017,188,187,0.6282574980649756,4.969134657107853,0.4058720143705091,4,0.7000187392883715,0.4616849928914322,0.6947870268756065,nurse_count_comparison,priority_nurses_2_fixed_load
priority,1000,5,4,2,5018,194,194,0.726342442737503,5.027863918731954,0.4172475831714617,4,0.26333464525525907,0.6330608382690559,0.8509339590139678,nurse_count_comparison,priority_nurses_2_fixed_load
priority,1000,5,4,2,5019,210,209,0.6831035097693519,4.976486117327787,0.4486584824898565,4,0.5371408835475685,0.47177900417468355,0.8404924904896207,nurse_count_comparison,priority_nurses_2_fixed_load
priority,1000,5,4,3,6000,212,212,0.1672710288424778,4.197045539859779,0.28477073211188936,2,0.19185477205231555,0.10444626114416353,0.19885847882305818,nurse_count_comparison,priority_nurses_3_fixed_load
priority,1000,5,4,3,6001,179,178,0.09360039141539377,4.022128226310718,0.23309265153712272,2,0.024164752245755882,0.050847601473694014,0.13121053571523514,nurse_count_comparison,priority_nurses_3_fixed_load
priority,1000,5,4,3,6002,216,215,0.028705876708285054,4.160678090932533,0.2961246753527379,2,0.07991778624049554,0.024423912949986953,0.022417772531408357,nurse_count_comparison,priority_nurses_3_fixed_load
priority,1000,5,4,3,6003,213,212,0.2581561753078369,4.114267103024333,0.2724985055586324,3,0.0,0.0028445104951678804,0.39277278540998944,nurse_count_comparison,priority_nurses_3_fixed_load
priority,1000,5,4,3,6004,196,196,0.06755871623610978,3.772877738502587,0.2420808427880764,2,0.023478659222017566,0.07699636419288548,0.06947654007269921,nurse_count_comparison,priority_nurses_3_fixed_load
priority,1000,5,4,3,6005,233,232,0.1597226810357124,4.21311716544816,0.3134625067945626,3,0.0,0.2087479982995456,0.16041954503248862,nurse_count_comparison,priority_nurses_3_fixed_load
priority,1000,5,4,3,6006,188,187,0.17028470124777803,3.703466199569754,0.22023498006206982,4,0.0,0.1339453656644604,0.2192999878930154,nurse_count_comparison,priority_nurses_3_fixed_load
priority,1000,5,4,3,6007,180,180,0.016917125007097095,3.6830928071501243,0.21997054092858173,1,0.0,0.04911423389157221,0.0,nurse_count_comparison,priority_nurses_3_fixed_load
priority,1000,5,4,3,6008,203,202,0.011130772882484164,4.184753720465012,0.2810239451372236,1,0.0,0.024130007734004633,0.006217815229367885,nurse_count_comparison,priority_nurses_3_fixed_load
priority,1000,5,4,3,6009,219,219,0.0803361988482466,4.051585576235804,0.28990120454929175,3,0.1772240986293701,0.0324031982861303,0.08975772302378748,nurse_count_comparison,priority_nurses_3_fixed_load
priority,1000,5,4,3,6010,199,198,0.06967944890534128,4.491254423935427,0.29182394835198566,2,0.022056745653667588,0.13135444751879838,0.04895612727467627,nurse_count_comparison,priority_nurses_3_fixed_load
priority,1000,5,4,3,6011,197,192,0.15997963676321877,4.406125564655008,0.27175333938507457,3,0.24312380376289391,0.0,0.23538463653995303,nurse_count_comparison,priority_nurses_3_fixed_load
priority,1000,5,4,3,6012,223,222,0.03751134821346119,3.6443409249456944,0.26690538867818514,1,0.08762875192546825,0.03215199972584036,0.026231440964146258,nurse_count_comparison,priority_nurses_3_fixed_load
priority,1000,5,4,3,6013,212,210,0.21759588038878505,4.191999051987693,0.2782082220119236,3,0.08953917181775202,0.08544441040484918,0.2951580297427824,nurse_count_comparison,priority_nurses_3_fixed_load
priority,1000,5,4,3,6014,214,214,0.009055503157153809,3.8679660568587537,0.2752689528307142,1,0.0,0.012331658473084721,0.009239294823245708,nurse_count_comparison,priority_nurses_3_fixed_load
priority,1000,5,4,3,6015,212,212,0.06436254837911723,3.87640646313518,0.2693844366427618,1,0.03055677099382592,0.12962267778480926,0.026580477741895227,nurse_count_comparison,priority_nurses_3_fixed_load
priority,1000,5,4,3,6016,199,199,0.08441764319380583,3.8316205682509556,0.2485644606954576,2,0.0605353050813496,0.028395522569826942,0.1148709161022874,nurse_count_comparison,priority_nurses_3_fixed_load
priority,1000,5,4,3,6017,198,198,0.04734221318234961,3.6519187837035325,0.2379020536543984,2,0.13057160430174222,0.0,0.057693878523996815,nurse_count_comparison,priority_nurses_3_fixed_load
priority,1000,5,4,3,6018,208,207,0.024740268957019827,3.896426972929779,0.2671463825741205,2,0.0,0.03895515783559063,0.021090350030058082,nurse_count_comparison,priority_nurses_3_fixed_load
priority,1000,5,4,3,6019,210,209,0.044836256423406246,3.668996269105936,0.2524831475502163,2,0.055446070383727945,0.0017001818221972695,0.0649463944623393,nurse_count_comparison,priority_nurses_3_fixed_load
fifo,1000,3,4,1,7000,324,273,98.9865062614213,102.63277274483588,0.9954307499721833,51,,,,load_comparison_one_nurse,fifo_one_nurse_arrival_3
fifo,1000,3,4,1,7001,312,251,55.01102591377678,58.834041124283,0.9595768178370627,60,,,,load_comparison_one_nurse,fifo_one_nurse_arrival_3
fifo,1000,3,4,1,7002,298,253,62.366853304568274,66.23514614329295,0.9786780881973451,45,,,,load_comparison_one_nurse,fifo_one_nurse_arrival_3
fifo,1000,3,4,1,7003,346,242,142.27519106346708,146.2398100162496,0.9594377865733754,104,,,,load_comparison_one_nurse,fifo_one_nurse_arrival_3
fifo,1000,3,4,1,7004,309,234,139.06177146465842,143.28947431568284,0.9892824671397158,75,,,,load_comparison_one_nurse,fifo_one_nurse_arrival_3
fifo,1000,3,4,1,7005,313,248,115.05890637443522,118.99337714639525,0.9757487514460845,64,,,,load_comparison_one_nurse,fifo_one_nurse_arrival_3
fifo,1000,3,4,1,7006,329,248,141.6029860947162,145.54385377933193,0.9773351857847106,83,,,,load_comparison_one_nurse,fifo_one_nurse_arrival_3
fifo,1000,3,4,1,7007,324,249,127.21128758837139,131.171314137725,0.9860466107890459,81,,,,load_comparison_one_nurse,fifo_one_nurse_arrival_3
fifo,1000,3,4,1,7008,317,242,129.5648019532529,133.66912998968925,0.9932473848176,77,,,,load_comparison_one_nurse,fifo_one_nurse_arrival_3
fifo,1000,3,4,1,7009,305,260,48.95988419352485,52.56872857114717,0.9382995381818006,49,,,,load_comparison_one_nurse,fifo_one_nurse_arrival_3
fifo,1000,3,4,1,7010,309,257,77.66067207520774,81.39164839417242,0.9588609139739271,53,,,,load_comparison_one_nurse,fifo_one_nurse_arrival_3
fifo,1000,3,4,1,7011,340,254,102.66416689781157,106.5570214242726,0.9887850497211037,86,,,,load_comparison_one_nurse,fifo_one_nurse_arrival_3
fifo,1000,3,4,1,7012,321,256,115.1642731557209,119.01791252790245,0.9865316792784761,64,,,,load_comparison_one_nurse,fifo_one_nurse_arrival_3
fifo,1000,3,4,1,7013,320,248,89.59223777371528,93.48917504960707,0.9664404444211624,71,,,,load_comparison_one_nurse,fifo_one_nurse_arrival_3
fifo,1000,3,4,1,7014,318,256,127.89451107673358,131.73671751946895,0.9836048493402537,66,,,,load_comparison_one_nurse,fifo_one_nurse_arrival_3
fifo,1000,3,4,1,7015,320,241,109.41061389919616,113.49564399138309,0.9844922522170491,78,,,,load_comparison_one_nurse,fifo_one_nurse_arrival_3
fifo,1000,3,4,1,7016,313,270,52.78228981129731,56.4269214029173,0.9840505297373967,43,,,,load_comparison_one_nurse,fifo_one_nurse_arrival_3
fifo,1000,3,4,1,7017,297,255,115.51320639215244,119.38717897291785,0.9878630080951808,51,,,,load_comparison_one_nurse,fifo_one_nurse_arrival_3
fifo,1000,3,4,1,7018,360,271,139.35357561815587,142.99207002917134,0.986031985385203,88,,,,load_comparison_one_nurse,fifo_one_nurse_arrival_3
fifo,1000,3,4,1,7019,368,256,131.1505110182849,135.0152417635058,0.9893710707765462,111,,,,load_comparison_one_nurse,fifo_one_nurse_arrival_3
fifo,1000,4,4,1,8000,265,246,43.023761289585096,46.95669431644415,0.9675015246073272,28,,,,load_comparison_one_nurse,fifo_one_nurse_arrival_4
fifo,1000,4,4,1,8001,282,244,98.11942833978989,102.16343163460746,0.9867368039354883,44,,,,load_comparison_one_nurse,fifo_one_nurse_arrival_4
fifo,1000,4,4,1,8002,237,224,10.931706798298901,14.656943360764682,0.8344529899923352,15,,,,load_comparison_one_nurse,fifo_one_nurse_arrival_4
fifo,1000,4,4,1,8003,246,229,42.417039497222184,46.59758941174999,0.9573459304268666,25,,,,load_comparison_one_nurse,fifo_one_nurse_arrival_4
fifo,1000,4,4,1,8004,228,228,11.743206356226322,15.446312473255853,0.8443081946827331,10,,,,load_comparison_one_nurse,fifo_one_nurse_arrival_4
fifo,1000,4,4,1,8005,233,224,21.45082757654156,25.37958998139314,0.8800427786867542,22,,,,load_comparison_one_nurse,fifo_one_nurse_arrival_4
fifo,1000,4,4,1,8006,248,234,23.338672567164565,27.066778990768398,0.8723769031232964,21,,,,load_comparison_one_nurse,fifo_one_nurse_arrival_4
fifo,1000,4,4,1,8007,268,257,50.434615559949314,54.25132443692445,0.9808941813826101,29,,,,load_comparison_one_nurse,fifo_one_nurse_arrival_4
fifo,1000,4,4,1,8008,245,219,66.56120217092824,70.93067530983062,0.956914617419621,29,,,,load_comparison_one_nurse,fifo_one_nurse_arrival_4
fifo,1000,4,4,1,8009,277,228,94.49080164077782,98.63430972668611,0.9447198435870907,56,,,,load_comparison_one_nurse,fifo_one_nurse_arrival_4
fifo,1000,4,4,1,8010,244,244,34.5173987804184,38.45401180752756,0.9605335786146347,17,,,,load_comparison_one_nurse,fifo_one_nurse_arrival_4
fifo,1000,4,4,1,8011,227,217,16.666850868437383,20.902797172516866,0.9192003479852485,12,,,,load_comparison_one_nurse,fifo_one_nurse_arrival_4
fifo,1000,4,4,1,8012,258,239,79.16317686457862,83.24509504058432,0.9755784440653643,37,,,,load_comparison_one_nurse,fifo_one_nurse_arrival_4
fifo,1000,4,4,1,8013,224,199,62.51351268220622,67.33910934364826,0.9602937356269652,26,,,,load_comparison_one_nurse,fifo_one_nurse_arrival_4
fifo,1000,4,4,1,8014,256,252,40.2535980384729,44.00657237168613,0.9457495319697323,23,,,,load_comparison_one_nurse,fifo_one_nurse_arrival_4
fifo,1000,4,4,1,8015,261,228,27.064321872503008,31.034803253378488,0.9052697548396096,33,,,,load_comparison_one_nurse,fifo_one_nurse_arrival_4
fifo,1000,4,4,1,8016,230,198,98.0356090274982,102.53427537481448,0.8907359367686271,47,,,,load_comparison_one_nurse,fifo_one_nurse_arrival_4
fifo,1000,4,4,1,8017,224,217,49.14071890016889,53.26057593608755,0.8940089767943482,25,,,,load_comparison_one_nurse,fifo_one_nurse_arrival_4
fifo,1000,4,4,1,8018,284,259,48.00459051424983,51.843493665688584,0.9942759162226372,28,,,,load_comparison_one_nurse,fifo_one_nurse_arrival_4
fifo,1000,4,4,1,8019,265,258,17.094680406678926,20.632883450299552,0.9128563852541215,17,,,,load_comparison_one_nurse,fifo_one_nurse_arrival_4
fifo,1000,5,4,1,9000,191,190,18.201122082547794,22.178384811957457,0.7556799185878366,18,,,,load_comparison_one_nurse,fifo_one_nurse_arrival_5
fifo,1000,5,4,1,9001,206,202,16.217658453165384,19.99262161623268,0.7625425589395943,14,,,,load_comparison_one_nurse,fifo_one_nurse_arrival_5
fifo,1000,5,4,1,9002,200,196,31.381343700222317,35.571006396534216,0.8211738884771322,23,,,,load_comparison_one_nurse,fifo_one_nurse_arrival_5
fifo,1000,5,4,1,9003,207,197,14.48819667965704,18.345634303995997,0.7599152119947744,15,,,,load_comparison_one_nurse,fifo_one_nurse_arrival_5
fifo,1000,5,4,1,9004,172,172,7.709466640960121,11.825663279570916,0.7079858218410567,8,,,,load_comparison_one_nurse,fifo_one_nurse_arrival_5
fifo,1000,5,4,1,9005,193,191,6.393976917889436,10.133530331224733,0.7142547019470415,8,,,,load_comparison_one_nurse,fifo_one_nurse_arrival_5
fifo,1000,5,4,1,9006,185,178,5.296301655508135,9.066888416428698,0.6711644434438603,8,,,,load_comparison_one_nurse,fifo_one_nurse_arrival_5
fifo,1000,5,4,1,9007,217,212,14.268913466431217,17.999203455959897,0.7908214777800797,17,,,,load_comparison_one_nurse,fifo_one_nurse_arrival_5
fifo,1000,5,4,1,9008,186,183,9.684640727194184,13.662356124224287,0.7279219176565086,9,,,,load_comparison_one_nurse,fifo_one_nurse_arrival_5
fifo,1000,5,4,1,9009,220,194,60.751472537365586,65.46916437172193,0.9152322158651318,32,,,,load_comparison_one_nurse,fifo_one_nurse_arrival_5
fifo,1000,5,4,1,9010,193,191,9.544969536386398,13.691964439992967,0.7920760265888546,8,,,,load_comparison_one_nurse,fifo_one_nurse_arrival_5
fifo,1000,5,4,1,9011,196,195,9.548077526500114,13.32262387706961,0.7360365383610519,9,,,,load_comparison_one_nurse,fifo_one_nurse_arrival_5
fifo,1000,5,4,1,9012,219,214,13.518492015183655,17.410987142506876,0.8329939572471695,14,,,,load_comparison_one_nurse,fifo_one_nurse_arrival_5
fifo,1000,5,4,1,9013,206,201,39.221207914459896,43.5146258229812,0.8629769996127824,24,,,,load_comparison_one_nurse,fifo_one_nurse_arrival_5
fifo,1000,5,4,1,9014,231,226,37.09863255957758,41.119926084268144,0.9088123365800671,23,,,,load_comparison_one_nurse,fifo_one_nurse_arrival_5
fifo,1000,5,4,1,9015,175,175,9.98435569331112,13.924033653097746,0.6894436429626598,10,,,,load_comparison_one_nurse,fifo_one_nurse_arrival_5
fifo,1000,5,4,1,9016,218,212,27.424324575438657,31.695450321623138,0.90547865819111,16,,,,load_comparison_one_nurse,fifo_one_nurse_arrival_5
fifo,1000,5,4,1,9017,192,190,7.150930897558375,10.813891792777207,0.6959625700915788,12,,,,load_comparison_one_nurse,fifo_one_nurse_arrival_5
fifo,1000,5,4,1,9018,190,186,9.691896781114236,13.876355018397778,0.7783092321347383,9,,,,load_comparison_one_nurse,fifo_one_nurse_arrival_5
fifo,1000,5,4,1,9019,176,175,7.070721296505071,10.974508302318302,0.6831627260173154,7,,,,load_comparison_one_nurse,fifo_one_nurse_arrival_5
fifo,1000,6,4,1,10000,159,159,3.502677303040533,7.265226829210487,0.5982453746610227,6,,,,load_comparison_one_nurse,fifo_one_nurse_arrival_6
fifo,1000,6,4,1,10001,154,151,3.584557755882912,7.184884018154941,0.5436492656030762,6,,,,load_comparison_one_nurse,fifo_one_nurse_arrival_6
fifo,1000,6,4,1,10002,139,138,3.51587873487609,7.023634018482179,0.48407022913764036,6,,,,load_comparison_one_nurse,fifo_one_nurse_arrival_6
fifo,1000,6,4,1,10003,151,148,4.678090902882807,8.6565935686803,0.5888183945380283,5,,,,load_comparison_one_nurse,fifo_one_nurse_arrival_6
fifo,1000,6,4,1,10004,175,174,7.535247219834061,12.014333399273752,0.7793609952225061,8,,,,load_comparison_one_nurse,fifo_one_nurse_arrival_6
fifo,1000,6,4,1,10005,162,162,5.76908337155085,9.952357990804066,0.6776904883190213,8,,,,load_comparison_one_nurse,fifo_one_nurse_arrival_6
fifo,1000,6,4,1,10006,164,162,11.41921723389972,15.964872225633826,0.7363961086609251,10,,,,load_comparison_one_nurse,fifo_one_nurse_arrival_6
fifo,1000,6,4,1,10007,182,179,10.315482056215577,14.411232783366541,0.7331393801600222,9,,,,load_comparison_one_nurse,fifo_one_nurse_arrival_6
fifo,1000,6,4,1,10008,162,161,4.505174478862302,8.060451982887097,0.5723996781479918,7,,,,load_comparison_one_nurse,fifo_one_nurse_arrival_6
fifo,1000,6,4,1,10009,161,160,5.930091055751505,10.055417286171219,0.6600521968671541,6,,,,load_comparison_one_nurse,fifo_one_nurse_arrival_6
fifo,1000,6,4,1,10010,194,190,14.333154701643211,18.60397428241634,0.8114557203468941,12,,,,load_comparison_one_nurse,fifo_one_nurse_arrival_6
fifo,1000,6,4,1,10011,174,172,8.689031568789689,12.904619667752685,0.725081153021635,7,,,,load_comparison_one_nurse,fifo_one_nurse_arrival_6
fifo,1000,6,4,1,10012,185,183,6.721960021492961,10.709498282438904,0.7297195017531077,6,,,,load_comparison_one_nurse,fifo_one_nurse_arrival_6
fifo,1000,6,4,1,10013,160,158,3.5841138683232874,7.410137108901558,0.6045116720113665,4,,,,load_comparison_one_nurse,fifo_one_nurse_arrival_6
fifo,1000,6,4,1,10014,167,167,5.168890691313088,8.93097033875894,0.6282673011234565,11,,,,load_comparison_one_nurse,fifo_one_nurse_arrival_6
fifo,1000,6,4,1,10015,160,159,4.002444172666756,7.787350098900568,0.6018000422711761,6,,,,load_comparison_one_nurse,fifo_one_nurse_arrival_6
fifo,1000,6,4,1,10016,184,180,8.874502153208802,12.60605108156839,0.671678807104726,8,,,,load_comparison_one_nurse,fifo_one_nurse_arrival_6
fifo,1000,6,4,1,10017,169,169,7.875978226723152,11.726763413531607,0.6507826965706287,10,,,,load_comparison_one_nurse,fifo_one_nurse_arrival_6
fifo,1000,6,4,1,10018,154,154,3.304024876636746,6.99454087091591,0.5683394631189921,6,,,,load_comparison_one_nurse,fifo_one_nurse_arrival_6
fifo,1000,6,4,1,10019,160,158,8.384333972869328,12.618670006394112,0.6690250932969158,8,,,,load_comparison_one_nurse,fifo_one_nurse_arrival_6
fifo,1000,7,4,1,11000,153,151,6.081647320348286,10.121784809160987,0.6100607608107179,7,,,,load_comparison_one_nurse,fifo_one_nurse_arrival_7
fifo,1000,7,4,1,11001,146,144,4.730541673100963,8.699849154987525,0.5715802773916648,7,,,,load_comparison_one_nurse,fifo_one_nurse_arrival_7
fifo,1000,7,4,1,11002,144,144,9.502314870952857,13.812328973811292,0.6206420308116143,9,,,,load_comparison_one_nurse,fifo_one_nurse_arrival_7
fifo,1000,7,4,1,11003,136,135,5.011437329595976,8.865385439763198,0.5202829948725752,7,,,,load_comparison_one_nurse,fifo_one_nurse_arrival_7
fifo,1000,7,4,1,11004,140,140,3.287684034724835,6.7016095035427385,0.4779495656345064,5,,,,load_comparison_one_nurse,fifo_one_nurse_arrival_7
fifo,1000,7,4,1,11005,171,170,5.583001445487876,9.365089346759756,0.6429549432162196,9,,,,load_comparison_one_nurse,fifo_one_nurse_arrival_7
fifo,1000,7,4,1,11006,146,146,9.946215380275532,14.41939061715529,0.6530835845844448,13,,,,load_comparison_one_nurse,fifo_one_nurse_arrival_7
fifo,1000,7,4,1,11007,141,140,5.676301693409665,9.324961714366163,0.5108124029339097,9,,,,load_comparison_one_nurse,fifo_one_nurse_arrival_7
fifo,1000,7,4,1,11008,147,144,9.593511619260683,13.612400707897702,0.5787200287637312,9,,,,load_comparison_one_nurse,fifo_one_nurse_arrival_7
fifo,1000,7,4,1,11009,151,149,2.8703013059029523,6.573159122302431,0.5517258146435223,4,,,,load_comparison_one_nurse,fifo_one_nurse_arrival_7
fifo,1000,7,4,1,11010,136,135,2.504048509000727,6.0790503646132485,0.48262525050769034,4,,,,load_comparison_one_nurse,fifo_one_nurse_arrival_7
fifo,1000,7,4,1,11011,141,139,5.862449945247366,10.49894216115531,0.644472418011204,6,,,,load_comparison_one_nurse,fifo_one_nurse_arrival_7
fifo,1000,7,4,1,11012,153,152,4.182361236072843,8.060731127066969,0.589512223431107,6,,,,load_comparison_one_nurse,fifo_one_nurse_arrival_7
fifo,1000,7,4,1,11013,132,131,6.020576378426319,10.308005406422598,0.5616532026675125,8,,,,load_comparison_one_nurse,fifo_one_nurse_arrival_7
fifo,1000,7,4,1,11014,128,128,6.785171922955326,10.808310434562442,0.514961729485711,8,,,,load_comparison_one_nurse,fifo_one_nurse_arrival_7
fifo,1000,7,4,1,11015,164,163,13.864256668651564,18.275619189201286,0.719052090849605,12,,,,load_comparison_one_nurse,fifo_one_nurse_arrival_7
fifo,1000,7,4,1,11016,168,168,7.069496329352741,11.22667294612825,0.6984056716182862,7,,,,load_comparison_one_nurse,fifo_one_nurse_arrival_7
fifo,1000,7,4,1,11017,157,157,8.870300713162907,13.262685268542684,0.6896043751946254,13,,,,load_comparison_one_nurse,fifo_one_nurse_arrival_7
fifo,1000,7,4,1,11018,150,144,5.84527818620078,10.12782005928165,0.6166860297236455,8,,,,load_comparison_one_nurse,fifo_one_nurse_arrival_7
fifo,1000,7,4,1,11019,119,119,2.328246810890654,6.42558536485613,0.4875832879218917,3,,,,load_comparison_one_nurse,fifo_one_nurse_arrival_7
priority,1000,3,4,1,12000,342,264,71.57685676908015,75.29503152657455,0.9815981359785169,77,4.3952163117459175,5.016120023489377,135.34491287133184,load_comparison_one_nurse,priority_one_nurse_arrival_3
priority,1000,3,4,1,12001,329,240,113.88945143010865,118.03041145486642,0.9938304059418637,89,5.1674690369105125,14.506290183097455,220.44447863680298,load_comparison_one_nurse,priority_one_nurse_arrival_3
priority,1000,3,4,1,12002,310,241,122.23331977659763,126.35008278310194,0.992139884567539,70,6.537745030181499,10.485879292564062,254.28247016923714,load_comparison_one_nurse,priority_one_nurse_arrival_3
priority,1000,3,4,1,12003,340,271,117.24392572029365,120.90883409642471,0.9931901699315163,80,3.4970777485220212,9.541666353781064,239.26758415154853,load_comparison_one_nurse,priority_one_nurse_arrival_3
priority,1000,3,4,1,12004,343,261,68.55661133575514,72.37072862888985,0.9954846135081603,82,3.435439084900675,8.187649074949489,143.1251617844578,load_comparison_one_nurse,priority_one_nurse_arrival_3
priority,1000,3,4,1,12005,343,229,114.24991148631536,118.45947061139802,0.9639890396439268,115,5.489216323164707,8.938101255409594,248.94368937856044,load_comparison_one_nurse,priority_one_nurse_arrival_3
priority,1000,3,4,1,12006,362,257,99.98597956868029,103.79981749785865,0.9801563477988422,105,5.1542144647542125,9.011276255804544,183.00013908216363,load_comparison_one_nurse,priority_one_nurse_arrival_3
priority,1000,3,4,1,12007,348,250,96.54798204625504,100.51555342551674,0.9918928448154236,99,4.402547836795751,6.714448277194311,199.29875816059547,load_comparison_one_nurse,priority_one_nurse_arrival_3
priority,1000,3,4,1,12008,326,234,147.5858374846294,151.85088516869354,0.9980211580710072,96,4.544066624331395,6.604627848142695,318.50767216673967,load_comparison_one_nurse,priority_one_nurse_arrival_3
priority,1000,3,4,1,12009,334,270,59.12361537677805,62.80561709358111,0.9941404635368294,65,3.7775180800036,7.424538517505019,116.79103921472421,load_comparison_one_nurse,priority_one_nurse_arrival_3
priority,1000,3,4,1,12010,327,212,142.90761860467015,147.46526600192675,0.9662212482183993,114,4.208629387814496,10.351217312365332,293.45926794639877,load_comparison_one_nurse,priority_one_nurse_arrival_3
priority,1000,3,4,1,12011,289,264,72.18719908697052,75.9407045474062,0.990925441555023,35,3.713034810172364,4.417613227859065,123.82360564453006,load_comparison_one_nurse,priority_one_nurse_arrival_3
priority,1000,3,4,1,12012,315,226,95.25846283542103,99.60960623380873,0.9833584080356181,89,2.7913724755027154,13.51207285828335,230.05446306342884,load_comparison_one_nurse,priority_one_nurse_arrival_3
priority,1000,3,4,1,12013,342,247,113.18974970463991,117.18547799165842,0.9869448868935702,95,3.3680021111346403,6.429017144342601,221.51527213071054,load_comparison_one_nurse,priority_one_nurse_arrival_3
priority,1000,3,4,1,12014,338,237,88.28071131740005,92.39317819451442,0.9746546498761072,100,5.43905506773782,7.865287360474066,181.91801318165554,load_comparison_one_nurse,priority_one_nurse_arrival_3
priority,1000,3,4,1,12015,334,252,81.40049468745828,85.34915503747784,0.9950624082049302,87,4.63948745315746,9.526681075691837,169.7346111850226,load_comparison_one_nurse,priority_one_nurse_arrival_3
priority,1000,3,4,1,12016,286,248,35.538237979509425,39.213724285934546,0.9115206039934283,42,3.8979212817112323,7.9822803606831245,62.29731085098866,load_comparison_one_nurse,priority_one_nurse_arrival_3
priority,1000,3,4,1,12017,330,219,101.0458243049303,105.54569983176964,0.9854727403778151,110,5.822838818237023,10.513651657086882,210.23326173590743,load_comparison_one_nurse,priority_one_nurse_arrival_3
priority,1000,3,4,1,12018,348,276,81.99853820158869,85.58710019772742,0.9904431109342888,77,3.379953109940749,8.134312399092124,157.9474710916063,load_comparison_one_nurse,priority_one_nurse_arrival_3
priority,1000,3,4,1,12019,317,243,81.8248941216701,85.91658878541197,0.9942818032892744,77,6.605185964902905,11.099692250393945,162.1865906739655,load_comparison_one_nurse,priority_one_nurse_arrival_3
priority,1000,4,4,1,13000,261,245,41.34713718441541,45.29076460322176,0.9661887176075561,32,3.4230024547280933,7.3768525771209426,78.27921713457083,load_comparison_one_nurse,priority_one_nurse_arrival_4
priority,1000,4,4,1,13001,255,220,48.434176003973725,52.840950527922196,0.9694903952686637,45,4.038502791740821,9.354405834016948,90.68409142540726,load_comparison_one_nurse,priority_one_nurse_arrival_4
priority,1000,4,4,1,13002,261,227,47.01971964272555,51.22732814017016,0.9551271289199269,34,5.079580048728146,8.386411283857564,77.03554779220173,load_comparison_one_nurse,priority_one_nurse_arrival_4
priority,1000,4,4,1,13003,222,221,26.86303813395197,30.980853732591545,0.9100372472993458,17,3.7058141250792462,6.206243486233178,41.28323424786845,load_comparison_one_nurse,priority_one_nurse_arrival_4
priority,1000,4,4,1,13004,253,234,19.897872906179682,23.875241626914978,0.93070428065206,18,5.361400755997016,5.161692535648514,30.665942853983566,load_comparison_one_nurse,priority_one_nurse_arrival_4
priority,1000,4,4,1,13005,243,240,18.916433167920594,22.705518345781115,0.9093804426865253,17,2.9258280198819966,4.611231614654597,28.287691978174816,load_comparison_one_nurse,priority_one_nurse_arrival_4
priority,1000,4,4,1,13006,245,214,13.277760771639587,17.29897632251619,0.8605401278875928,31,3.5212843620230423,11.453460552556233,16.253233076991226,load_comparison_one_nurse,priority_one_nurse_arrival_4
priority,1000,4,4,1,13007,220,220,18.489415270076908,22.36820436046405,0.8533335998851708,16,3.7800533261427907,4.337863078642827,28.363878906800508,load_comparison_one_nurse,priority_one_nurse_arrival_4
priority,1000,4,4,1,13008,259,226,52.843568656582455,57.17538456599414,0.9789903955270411,38,3.342881577070434,13.874443600160145,90.83073915398874,load_comparison_one_nurse,priority_one_nurse_arrival_4
priority,1000,4,4,1,13009,269,244,22.957429441623486,26.83803843011046,0.9468685931908211,27,4.023585046304069,8.172641456312663,38.54751151424849,load_comparison_one_nurse,priority_one_nurse_arrival_4
priority,1000,4,4,1,13010,252,244,24.011694990995537,27.556178611801368,0.8648540034766226,26,2.8428614091020834,4.040670566489702,37.1682056240175,load_comparison_one_nurse,priority_one_nurse_arrival_4
priority,1000,4,4,1,13011,265,251,30.704585679846467,34.38041339217857,0.9226327557953571,28,3.2679714043070356,8.380198058385616,52.85980748822733,load_comparison_one_nurse,priority_one_nurse_arrival_4
priority,1000,4,4,1,13012,255,227,52.626347386189906,56.83658933139822,0.9557249215622876,36,7.025109868663771,7.0319039923742315,83.13549311824033,load_comparison_one_nurse,priority_one_nurse_arrival_4
priority,1000,4,4,1,13013,231,227,17.909268966514606,21.968336120982745,0.9214082440642672,17,2.0908246182294468,6.91045203256481,25.942101774321983,load_comparison_one_nurse,priority_one_nurse_arrival_4
priority,1000,4,4,1,13014,254,226,48.19296195779853,52.49431284479972,0.9721053004622715,33,4.078304984498137,6.90244965690498,80.86927613560492,load_comparison_one_nurse,priority_one_nurse_arrival_4
priority,1000,4,4,1,13015,233,212,26.763673450274307,31.002593910086215,0.898651137480123,23,3.5823669974691787,8.894318000118115,41.344021153027086,load_comparison_one_nurse,priority_one_nurse_arrival_4
priority,1000,4,4,1,13016,250,229,39.40794416397369,43.43232996934102,0.9215843494291186,27,3.1099381141850633,7.60554178804403,63.49310103985411,load_comparison_one_nurse,priority_one_nurse_arrival_4
priority,1000,4,4,1,13017,263,227,88.87903659248065,93.21575182117121,0.9844343569127575,39,4.381815532440295,5.23940314245093,169.14269632406365,load_comparison_one_nurse,priority_one_nurse_arrival_4
priority,1000,4,4,1,13018,240,226,11.630786585727797,15.44864006592699,0.8628348865250173,14,3.188175711933862,4.69766627516514,17.02930445750907,load_comparison_one_nurse,priority_one_nurse_arrival_4
priority,1000,4,4,1,13019,242,242,29.788583625292027,33.489122924416094,0.8955305103880244,21,3.929313860302475,7.180128161654212,42.752344606736216,load_comparison_one_nurse,priority_one_nurse_arrival_4
priority,1000,5,4,1,14000,193,189,7.601159947638331,11.389631898551947,0.7160211987226732,7,3.212392020068812,4.87233749683463,9.8028456703522,load_comparison_one_nurse,priority_one_nurse_arrival_5
priority,1000,5,4,1,14001,195,195,12.221478328503999,15.808142567553304,0.6993995266146147,16,3.0845480993304326,4.3338934359182355,17.537864448118476,load_comparison_one_nurse,priority_one_nurse_arrival_5
priority,1000,5,4,1,14002,198,197,10.86249603758839,14.795471643784314,0.7747961944205976,10,3.266670372775656,5.566157599740071,14.778484309624945,load_comparison_one_nurse,priority_one_nurse_arrival_5
priority,1000,5,4,1,14003,207,202,23.110034592674964,27.363339335602156,0.8591675580712919,14,3.576063288306043,5.573028768980947,38.83598537456487,load_comparison_one_nurse,priority_one_nurse_arrival_5
priority,1000,5,4,1,14004,195,195,9.093260919794707,13.270325853328757,0.81452766203914,9,3.664094484910216,4.919004806718134,11.874277278864463,load_comparison_one_nurse,priority_one_nurse_arrival_5
priority,1000,5,4,1,14005,195,193,7.5620110907540905,11.202135691877896,0.7025440480168937,8,2.8447583439723814,4.108454234466891,10.219486935199857,load_comparison_one_nurse,priority_one_nurse_arrival_5
priority,1000,5,4,1,14006,187,183,7.495785304947908,11.270304547628406,0.6907370214105311,9,2.6937350848364603,3.1884904992694487,9.972056815490996,load_comparison_one_nurse,priority_one_nurse_arrival_5
priority,1000,5,4,1,14007,210,207,12.681135530908522,16.63977936302482,0.8194392732480742,12,3.1331014728442796,5.780934797568404,16.361482273641546,load_comparison_one_nurse,priority_one_nurse_arrival_5
priority,1000,5,4,1,14008,203,199,24.955432686215218,29.103771085878662,0.8255193415330261,21,2.542990072951248,7.760633052105498,38.64938263181585,load_comparison_one_nurse,priority_one_nurse_arrival_5
priority,1000,5,4,1,14009,184,180,6.973084851640417,10.905385894263674,0.7078141876721866,7,2.951422843958863,4.927206126611073,8.568043949453271,load_comparison_one_nurse,priority_one_nurse_arrival_5
priority,1000,5,4,1,14010,178,177,10.672273459341724,14.634933734497228,0.701390868702524,10,4.798044992359372,4.125913026635473,14.823025412699067,load_comparison_one_nurse,priority_one_nurse_arrival_5
priority,1000,5,4,1,14011,201,191,12.096420633057164,16.216971526986136,0.7870252207404338,10,5.756665318544446,6.231588665132517,16.67840906111034,load_comparison_one_nurse,priority_one_nurse_arrival_5
priority,1000,5,4,1,14012,198,197,10.208560116320523,13.955056317730568,0.7380597516777789,11,3.663754077742614,3.5819612221766906,14.819536622765648,load_comparison_one_nurse,priority_one_nurse_arrival_5
priority,1000,5,4,1,14013,201,196,9.570003115073403,13.398826670472479,0.7504494168582184,8,2.7028054365122576,6.270226717582511,12.475510363954523,load_comparison_one_nurse,priority_one_nurse_arrival_5
priority,1000,5,4,1,14014,198,198,23.65542038242048,27.787705676194747,0.8181924881673045,17,3.93204114968035,6.838171983154531,38.369418138015526,load_comparison_one_nurse,priority_one_nurse_arrival_5
priority,1000,5,4,1,14015,240,217,36.291265556499205,40.64784098814584,0.9453768686673188,23,4.455238469404683,7.765113021469097,60.81326951040881,load_comparison_one_nurse,priority_one_nurse_arrival_5
priority,1000,5,4,1,14016,200,192,9.800520928255931,13.731856790220379,0.7548164854971737,13,4.111052089898569,3.8908446391567497,13.537957855712422,load_comparison_one_nurse,priority_one_nurse_arrival_5
priority,1000,5,4,1,14017,183,183,11.75373770395227,16.134757043462155,0.8017265391303088,10,4.2092306896103295,4.60119682551108,16.463848208148494,load_comparison_one_nurse,priority_one_nurse_arrival_5
priority,1000,5,4,1,14018,201,194,11.726392531856272,15.96164665659267,0.8216393001988613,11,3.1891720880629726,3.77292067611747,17.29160338719936,load_comparison_one_nurse,priority_one_nurse_arrival_5
priority,1000,5,4,1,14019,184,180,7.596353258965346,11.013487754117293,0.6150842091273501,9,2.1577987334436872,3.8646220107014266,10.080856025552265,load_comparison_one_nurse,priority_one_nurse_arrival_5
priority,1000,6,4,1,15000,187,183,9.961396208230934,14.163174706911045,0.7689254652584605,10,2.7585604697285673,4.391893751592765,14.042220496565873,load_comparison_one_nurse,priority_one_nurse_arrival_6
priority,1000,6,4,1,15001,164,164,5.570329900906001,9.25160894313429,0.6037297629254393,7,3.662603258313342,2.0361455065969882,7.710036470211112,load_comparison_one_nurse,priority_one_nurse_arrival_6
priority,1000,6,4,1,15002,150,144,10.883260096931835,15.14240425737121,0.6133167591032704,9,3.8694489371355303,2.450580005126469,16.08827595853422,load_comparison_one_nurse,priority_one_nurse_arrival_6
priority,1000,6,4,1,15003,142,142,5.789307005486596,9.927455101152157,0.5876170295845098,8,3.715890066961788,3.4771491001029577,7.343164672264793,load_comparison_one_nurse,priority_one_nurse_arrival_6
priority,1000,6,4,1,15004,159,158,5.423533280083759,9.352465328159372,0.6207712635959471,7,2.0481869590282944,2.640208972763938,7.369025738830274,load_comparison_one_nurse,priority_one_nurse_arrival_6
priority,1000,6,4,1,15005,179,176,5.779131595728435,9.609039004272951,0.6740637039038352,8,2.486564569960287,3.6585327875855516,7.267103260735321,load_comparison_one_nurse,priority_one_nurse_arrival_6
priority,1000,6,4,1,15006,169,164,6.415523041961703,10.239857526710896,0.6271908554988679,9,2.292041961896318,4.70432597166497,7.807067826575266,load_comparison_one_nurse,priority_one_nurse_arrival_6
priority,1000,6,4,1,15007,157,156,4.3448504839904665,7.93611110879611,0.5602366574696803,7,2.938582534400672,3.1256418631305163,5.095054462978474,load_comparison_one_nurse,priority_one_nurse_arrival_6
priority,1000,6,4,1,15008,161,157,6.603025410308226,10.934208940186421,0.6799958141908767,10,2.483818302160979,4.052000706092038,8.995306290733229,load_comparison_one_nurse,priority_one_nurse_arrival_6
priority,1000,6,4,1,15009,158,157,3.1158998789508083,7.042326535434081,0.6164489850678737,4,2.9357116860614934,3.171428870181577,3.1182398736513686,load_comparison_one_nurse,priority_one_nurse_arrival_6
priority,1000,6,4,1,15010,167,165,3.620765988192068,7.095772862504816,0.5733761342616035,5,3.139558033586889,2.9678740810815856,4.1569292348103835,load_comparison_one_nurse,priority_one_nurse_arrival_6
priority,1000,6,4,1,15011,178,178,8.690063238881246,12.522514232527277,0.6821762768689935,10,1.035930901477578,3.1412751993567363,12.323837681370701,load_comparison_one_nurse,priority_one_nurse_arrival_6
priority,1000,6,4,1,15012,162,160,5.902793609579382,9.941701757885902,0.6462253037290431,7,2.7196098107319506,4.061074157484969,7.138031429724001,load_comparison_one_nurse,priority_one_nurse_arrival_6
priority,1000,6,4,1,15013,177,177,6.200032168748142,10.336682676339043,0.7321871398435894,6,3.302640255032869,2.952176151763979,8.419120008950104,load_comparison_one_nurse,priority_one_nurse_arrival_6
priority,1000,6,4,1,15014,155,155,5.702688082201698,9.230625247302907,0.5468302605906872,8,3.1846919002625165,1.6949333708670717,7.333483631653257,load_comparison_one_nurse,priority_one_nurse_arrival_6
priority,1000,6,4,1,15015,144,144,3.474508953534671,7.10184191973244,0.522335947132479,4,1.3261139489087823,2.3052261989846277,4.231877006497311,load_comparison_one_nurse,priority_one_nurse_arrival_6
priority,1000,6,4,1,15016,175,168,8.221130628696196,12.419584871354008,0.7053403127665121,12,3.583564653207572,5.397637169535669,11.503927071816545,load_comparison_one_nurse,priority_one_nurse_arrival_6
priority,1000,6,4,1,15017,148,148,3.5938297048261294,7.868485194278982,0.6326490124390226,4,2.0310338193741733,2.9566539970287327,4.189535459571015,load_comparison_one_nurse,priority_one_nurse_arrival_6
priority,1000,6,4,1,15018,173,168,3.1322115122004197,6.6893405070077305,0.5975976711276283,7,0.006146050489441279,2.67082448561115,3.5944735318538696,load_comparison_one_nurse,priority_one_nurse_arrival_6
priority,1000,6,4,1,15019,181,177,11.198957192714602,15.229957627803717,0.713487077010773,13,2.7586800798857514,4.0154615056253995,17.343750380392027,load_comparison_one_nurse,priority_one_nurse_arrival_6
priority,1000,7,4,1,16000,149,149,2.751029423010763,6.1506333994827065,0.5065409924943197,5,2.0040875417983104,1.5690242363800415,3.3926029807531974,load_comparison_one_nurse,priority_one_nurse_arrival_7
priority,1000,7,4,1,16001,143,142,4.2165821389234335,8.841771554863236,0.6567768970634517,5,3.151776331799688,4.376622992820841,4.2821801537481585,load_comparison_one_nurse,priority_one_nurse_arrival_7
priority,1000,7,4,1,16002,136,136,8.408725883186266,13.028156486959112,0.6282425621131071,7,2.5172672116636843,3.7340679284062497,12.40344550035613,load_comparison_one_nurse,priority_one_nurse_arrival_7
priority,1000,7,4,1,16003,147,144,7.418025209621206,11.836289373592717,0.6362300396118976,9,2.642872089718217,3.766481344688768,10.666250810777834,load_comparison_one_nurse,priority_one_nurse_arrival_7
priority,1000,7,4,1,16004,138,138,6.610844060895924,11.151017089591244,0.6265438779599534,7,4.533871213334378,3.973032203960107,8.411089855299538,load_comparison_one_nurse,priority_one_nurse_arrival_7
priority,1000,7,4,1,16005,148,148,3.2063504015687894,6.918366567438003,0.5493783925486435,6,2.7432987155496136,2.232698774149409,3.8198710319478164,load_comparison_one_nurse,priority_one_nurse_arrival_7
priority,1000,7,4,1,16006,141,141,3.2301635819388066,7.017287140308931,0.5339844217301872,5,1.2406648291664883,1.3691496072043992,4.368522195545381,load_comparison_one_nurse,priority_one_nurse_arrival_7
priority,1000,7,4,1,16007,154,153,9.223378315398802,13.527640648512,0.6585521369663196,10,3.566317165874016,4.7791578834297015,11.619566720551221,load_comparison_one_nurse,priority_one_nurse_arrival_7
priority,1000,7,4,1,16008,146,144,5.867863006239201,9.872001838933635,0.5765959919079989,6,2.7817523137480054,4.45961325180698,7.071242982423336,load_comparison_one_nurse,priority_one_nurse_arrival_7
priority,1000,7,4,1,16009,134,132,3.008393534271454,6.8991588647291415,0.513581023620415,5,1.449170187338532,2.2590420427552833,3.541049052708412,load_comparison_one_nurse,priority_one_nurse_arrival_7
priority,1000,7,4,1,16010,138,134,2.6905471814945443,6.523003360828086,0.5135491280306946,6,1.557546890865596,1.5684203474410372,3.602436890079228,load_comparison_one_nurse,priority_one_nurse_arrival_7
priority,1000,7,4,1,16011,149,148,4.248692618996659,7.95288790456788,0.5482209022645406,5,1.63714559186723,3.4563254183397247,5.124839290869437,load_comparison_one_nurse,priority_one_nurse_arrival_7
priority,1000,7,4,1,16012,159,159,6.452811958523515,10.538860957306195,0.6496817908064462,8,1.4713455244060398,4.5732119373220685,8.101897846104075,load_comparison_one_nurse,priority_one_nurse_arrival_7
priority,1000,7,4,1,16013,157,152,10.625511800453825,15.121046183649119,0.6833212262456846,12,3.6838793874842253,9.094796729950499,12.768867085828289,load_comparison_one_nurse,priority_one_nurse_arrival_7
priority,1000,7,4,1,16014,116,115,2.5416548676792194,6.660173398684647,0.4736296310656245,4,0.7151379091450826,2.2724511113971406,3.1941709490998917,load_comparison_one_nurse,priority_one_nurse_arrival_7
priority,1000,7,4,1,16015,146,146,4.258135656806868,8.218251022175055,0.578176843343755,5,1.7516296619985727,3.6288644399566525,5.1918048772317915,load_comparison_one_nurse,priority_one_nurse_arrival_7
priority,1000,7,4,1,16016,140,139,1.7069680877170053,5.495697780547145,0.5266334273033896,3,1.1934478150515715,1.4675097336614793,1.949485184334642,load_comparison_one_nurse,priority_one_nurse_arrival_7
priority,1000,7,4,1,16017,144,133,3.0575192969171803,6.986372218765264,0.5225374386057954,11,0.7281354065708001,0.7489047707851584,4.36389529998418,load_comparison_one_nurse,priority_one_nurse_arrival_7
priority,1000,7,4,1,16018,131,131,1.9861329635146927,5.910783781861418,0.5141292572034211,5,2.9691223629148973,1.2716533534111776,2.2379198573215846,load_comparison_one_nurse,priority_one_nurse_arrival_7
priority,1000,7,4,1,16019,155,150,4.526121867727179,8.730901556768742,0.630716953356234,6,1.1939960092008817,3.8849773616572207,5.59483710746748,load_comparison_one_nurse,priority_one_nurse_arrival_7
fifo,1000,5,4,2,17000,213,212,0.8657687871317917,4.682291192305182,0.4045513749483794,4,,,,fifo_vs_priority_comparison,fifo_medium_load_two_nurses
fifo,1000,5,4,2,17001,205,204,0.3610580618038777,3.823367974354041,0.35315561108011667,3,,,,fifo_vs_priority_comparison,fifo_medium_load_two_nurses
fifo,1000,5,4,2,17002,206,204,0.5420676704838975,4.37599498121076,0.3910605856941401,4,,,,fifo_vs_priority_comparison,fifo_medium_load_two_nurses
fifo,1000,5,4,2,17003,192,191,0.5475867874642333,4.718933270138733,0.39836358909541486,4,,,,fifo_vs_priority_comparison,fifo_medium_load_two_nurses
fifo,1000,5,4,2,17004,208,207,0.8824174767905589,4.945963175897166,0.42057697985753395,7,,,,fifo_vs_priority_comparison,fifo_medium_load_two_nurses
fifo,1000,5,4,2,17005,206,205,0.8811880832314589,5.176657026576166,0.44028556669283253,4,,,,fifo_vs_priority_comparison,fifo_medium_load_two_nurses
fifo,1000,5,4,2,17006,196,195,0.4351265161399819,4.603155601372266,0.40638283581014767,2,,,,fifo_vs_priority_comparison,fifo_medium_load_two_nurses
fifo,1000,5,4,2,17007,189,189,0.39737204516810787,4.20709598106024,0.36001891194180663,4,,,,fifo_vs_priority_comparison,fifo_medium_load_two_nurses
fifo,1000,5,4,2,17008,208,208,0.8668520309337953,4.5750568486070495,0.3856533010380184,4,,,,fifo_vs_priority_comparison,fifo_medium_load_two_nurses
fifo,1000,5,4,2,17009,201,200,0.2813733284475296,4.270222525211218,0.39888491967636897,3,,,,fifo_vs_priority_comparison,fifo_medium_load_two_nurses
fifo,1000,5,4,2,17010,190,188,0.46779393191702906,4.549208635019411,0.3836529820916239,4,,,,fifo_vs_priority_comparison,fifo_medium_load_two_nurses
fifo,1000,5,4,2,17011,227,226,0.8929259123058834,5.021091512889004,0.4664827128658926,5,,,,fifo_vs_priority_comparison,fifo_medium_load_two_nurses
fifo,1000,5,4,2,17012,202,199,0.9189968512538444,4.935247439866235,0.39961693356693284,5,,,,fifo_vs_priority_comparison,fifo_medium_load_two_nurses
fifo,1000,5,4,2,17013,201,200,0.731467462145063,4.50172151867141,0.3770254056526347,4,,,,fifo_vs_priority_comparison,fifo_medium_load_two_nurses
fifo,1000,5,4,2,17014,187,187,0.2369981484956363,4.234615340137386,0.3737772074185033,2,,,,fifo_vs_priority_comparison,fifo_medium_load_two_nurses
fifo,1000,5,4,2,17015,217,215,0.7334420724001367,4.706878358570618,0.4271444007633266,4,,,,fifo_vs_priority_comparison,fifo_medium_load_two_nurses
fifo,1000,5,4,2,17016,209,207,0.843371390800823,5.324520263452458,0.46379890831944415,4,,,,fifo_vs_priority_comparison,fifo_medium_load_two_nurses
fifo,1000,5,4,2,17017,219,216,0.8601664819163255,4.950609522633962,0.4417678483975048,4,,,,fifo_vs_priority_comparison,fifo_medium_load_two_nurses
fifo,1000,5,4,2,17018,204,204,0.692262625257055,4.803049343098677,0.4193002452198453,4,,,,fifo_vs_priority_comparison,fifo_medium_load_two_nurses
fifo,1000,5,4,2,17019,178,178,0.5943574969209711,4.558433894756628,0.3528027994073735,4,,,,fifo_vs_priority_comparison,fifo_medium_load_two_nurses
priority,1000,5,4,2,18000,204,204,0.5193399016267828,4.279661902089347,0.38355284404718154,4,0.15987373595494678,0.5993279194223025,0.536090410339713,fifo_vs_priority_comparison,priority_medium_load_two_nurses
priority,1000,5,4,2,18001,221,220,0.40905636695596326,4.203845041460837,0.417426754195536,3,0.3665494651261853,0.41964555231321093,0.410660551483,fifo_vs_priority_comparison,priority_medium_load_two_nurses
priority,1000,5,4,2,18002,197,196,0.32573758335138736,3.899574699004008,0.35023603733395703,3,0.7745707388613561,0.492713831023744,0.17131995049876872,fifo_vs_priority_comparison,priority_medium_load_two_nurses
priority,1000,5,4,2,18003,182,182,0.6418019784594793,4.569243005590215,0.35739713346889684,3,0.8063933289454975,0.3490486109304811,0.7566858877832414,fifo_vs_priority_comparison,priority_medium_load_two_nurses
priority,1000,5,4,2,18004,159,159,0.6049415868822289,4.889791824329465,0.3406455938770553,5,0.04185900040749188,0.7023603864818074,0.6588801255321174,fifo_vs_priority_comparison,priority_medium_load_two_nurses
priority,1000,5,4,2,18005,207,206,0.6821995568461288,4.625687947806485,0.4061793042689168,4,0.9523760970782755,0.6367941859097167,0.6626207251458571,fifo_vs_priority_comparison,priority_medium_load_two_nurses
priority,1000,5,4,2,18006,194,191,0.34497962739066,4.195719586700556,0.3677456661140952,3,0.9077516877472543,0.3253746143417798,0.30337800016720057,fifo_vs_priority_comparison,priority_medium_load_two_nurses
priority,1000,5,4,2,18007,179,178,0.8608425802617341,4.6769016248378525,0.3396292549672746,7,0.39547827046297696,1.4055170268091055,0.702565236840685,fifo_vs_priority_comparison,priority_medium_load_two_nurses
priority,1000,5,4,2,18008,183,183,0.9615880296781497,4.965187410189381,0.3663293433167777,4,0.8687631343769462,0.3764887615107014,1.2977783257435769,fifo_vs_priority_comparison,priority_medium_load_two_nurses
priority,1000,5,4,2,18009,211,211,0.9818071748331405,4.630683961976877,0.3849565010436643,5,0.8326633982257206,0.8652366377371479,1.064551555819871,fifo_vs_priority_comparison,priority_medium_load_two_nurses
priority,1000,5,4,2,18010,240,239,0.8673267181470721,4.839632993885907,0.4746905999507909,6,0.3597436215840429,0.5812547128380349,1.1287286872840325,fifo_vs_priority_comparison,priority_medium_load_two_nurses
priority,1000,5,4,2,18011,214,214,0.43697739926427825,3.9855268734243117,0.3796947937351239,4,0.33486426376716283,0.4510517425503391,0.45019396260123823,fifo_vs_priority_comparison,priority_medium_load_two_nurses
priority,1000,5,4,2,18012,217,215,0.5666264943613384,4.398154637336648,0.4118892753698459,2,0.6195533257761966,0.7556059287693336,0.4905043459871222,fifo_vs_priority_comparison,priority_medium_load_two_nurses
priority,1000,5,4,2,18013,210,208,0.705846580053341,4.244859650951106,0.3680573593733675,6,0.0,0.49716342358567017,0.8807728162925105,fifo_vs_priority_comparison,priority_medium_load_two_nurses
priority,1000,5,4,2,18014,219,219,1.2933502024464583,5.463458327900329,0.456626839737199,8,1.0010550682007704,0.7870614745438603,1.5354904726196963,fifo_vs_priority_comparison,priority_medium_load_two_nurses
priority,1000,5,4,2,18015,187,187,0.9941985181179637,5.044168603151692,0.3786722029506539,5,2.426687801935447,0.4922975049944791,1.080196988200424,fifo_vs_priority_comparison,priority_medium_load_two_nurses
priority,1000,5,4,2,18016,172,172,0.3386116871415798,3.766400429205933,0.2947898318175345,3,0.26692905714616255,0.4911815785171284,0.2691490188146434,fifo_vs_priority_comparison,priority_medium_load_two_nurses
priority,1000,5,4,2,18017,199,199,0.42145763596472896,4.293604859753479,0.38527864876698076,2,0.42732852140743277,0.13840134824334882,0.5418821813103095,fifo_vs_priority_comparison,priority_medium_load_two_nurses
priority,1000,5,4,2,18018,209,207,0.8450683049661879,4.898328270987006,0.41951240648315474,4,0.7591040343005867,0.3501339911324063,1.098873693388828,fifo_vs_priority_comparison,priority_medium_load_two_nurses
priority,1000,5,4,2,18019,206,206,0.31821963152595795,4.217816883936822,0.4016585169983189,3,0.32342117648310503,0.18895682493070315,0.38627908295633306,fifo_vs_priority_comparison,priority_medium_load_two_nurses
